asin,page,review_id,title,rating,author,date_text,body,verified_purchase,helpful_votes,variant,Flavor,Date,Month,sent_compound,sent_label
B07HRJ2VPK,1,customer_review-RBCD5BC6J1M2J,5.0 out of 5 stars,5.0,Ryan,"Reviewed in the United States on September 5, 2025","Love it, be careful not to get addicted",True,0,Flavor Name: Classic Milk Tea Size: 25 Servings,Classic Milk Tea,2025-09-05,2025-09-01,0.7003,pos
B07HRJ2VPK,1,customer_review-R2BQICS2VVG29D,3.0 out of 5 stars,3.0,Andrew,"Reviewed in the United States on September 4, 2025","At first, the flavor wasn‚Äôt great, but the more I tried it, the better it tasted. I really liked the Viet Coffee‚Äîit reminded me of an espresso. I would definitely buy it again if I was craving coffee. Overall, I‚Äôd give it a 5/10.",True,0,Flavor Name: Vietnamese Coffee Size: 19 Servings,Vietnamese Coffee,2025-09-04,2025-09-01,0.9336,pos
B07HRJ2VPK,1,customer_review-R28CQPT54CSIWR,4.0 out of 5 stars,4.0,Elle,"Reviewed in the United States on August 20, 2025","This tastes delicious just like boba, BUT OMG the caffeine in it killed my stomach. I drank it this morning around 8am and it‚Äôs 10pm and I‚Äôm still suffering from anxiety and stomach pain, I took some magnesium but it worked for only a short time.  I had it last night and it took me a bit to fall asleep but I had taken Magnesium and melatonin. I don‚Äôt think I could drink this again unless I was about to run or do something super super active. It makes me sad because I was happy it tasted good and the macros aren‚Äôt bad and it‚Äôs a good amount in the package.",True,0,Flavor Name: Classic Milk Tea Size: 25 Servings,Classic Milk Tea,2025-08-20,2025-08-01,0.6486,pos
B07HRJ2VPK,1,customer_review-R3U5ZYAMZWYGIV,5.0 out of 5 stars,5.0,Travista,"Reviewed in the United States on August 13, 2025","Pretty good. Its obviously not a 1 to 1 taste to normal (with sugar) milk tea. Its just the monk fruit that has a ""taste"". If you're use to alternative sweeteners or monk fruit i don't think you would notice the taste so this would be a perfect. I stop noticing the flavor discrepancy after 2-4 sips then it taste completely fine. Do not try using boiling water or anything hot to dissolve or mix this will make the protein powder curdle and it'll be like drinking cottage cheese. I did this and gave the product the benefit of the doubt after googling how protein powder works. If it clumps most likely whatever you used as your liquid was to hot. Have had deliciously smooth drinks dissolving the powder is faucet warm, room temp,and cold liquids.",True,2,Flavor Name: Classic Milk Tea Size: 25 Servings,Classic Milk Tea,2025-08-13,2025-08-01,0.9476,pos
B07HRJ2VPK,1,customer_review-R21P1NXUFX9J2Z,3.0 out of 5 stars,3.0,Rachael DeVeau,"Reviewed in the United States on August 10, 2025","The taste is off and not appealing. I lived in Hong Kong for a while and know what Vietnamese coffee tastes like. I am by no means a coffee snob; I like instant coffee. Experimenting, trying lots of different ways to make coffee has caused me like a wide variety of flavors. Unfortunately there is something off about the taste of this. I‚Äôm going to guess it‚Äôs the monk fruit sweeter??? Not sure. I don‚Äôt think I have refined pallet and didnt think I would notice anything off about the taste. But it‚Äôs so bad I‚Äôm not sure what I‚Äôll do with the bag :(",True,0,Flavor Name: Vietnamese Coffee Size: 19 Servings,Vietnamese Coffee,2025-08-10,2025-08-01,-0.9393,neg
B07HRJ2VPK,1,customer_review-R2LV5BPQE3JTO6,5.0 out of 5 stars,5.0,Biankitten,"Reviewed in the United States on August 6, 2025","If you‚Äôre a fan of classic boba milk tea, this is a must-try! This is my second favorite flavor from Boba Protein family. It‚Äôs delicious, indulgent, and doesn‚Äôt taste like your average protein shake. I blend it with milk and a scoop of Vital Proteins Collagen for a 45g protein boost. This milk tea protein powder satisfies my boba cravings in a much healthier way and has been a go-to throughout my health journey. So happy I found this brand!",True,0,Flavor Name: Classic Milk Tea Size: 25 Servings,Classic Milk Tea,2025-08-06,2025-08-01,0.9708,pos
B07HRJ2VPK,1,customer_review-RYUCCM1CS6PLU,3.0 out of 5 stars,3.0,Cody,"Reviewed in the United States on August 5, 2025","Flavor of the resembles milk tea. When adding just water, it will have that watered down taste. It mixes decently well, but does ocassionally get clumped. There is no noticable odor. The only downside is the bag is not very sealable. Tried numerous times to get the bag to seal, but it would not seal. Had to use a clamp to keep the bag seal. Comes with a scoop for measurements. Overall not bad, but definitely needs a better packaging method.",True,0,Flavor Name: Classic Milk Tea Size: 25 Servings,Classic Milk Tea,2025-08-05,2025-08-01,0.4382,pos
B07HRJ2VPK,1,customer_review-R2W13XTAEMY7BY,1.0 out of 5 stars,1.0,SilverMuse,"Reviewed in the United States on July 31, 2025",Do not buy this product! This is an unethical product. Tried to enjoy but looked into the brand and saw that it is not honest. Flavors and creativity like this is stolen from other brands (esp ones that haven‚Äôt even started yet). Cannot for the life of me enjoy this flavor or any flavor. Horrible,True,0,Flavor Name: Classic Milk Tea Size: 25 Servings,Classic Milk Tea,2025-07-31,2025-07-01,-0.4579,neg
B07HRJ2VPK,1,customer_review-R3I46XSU8MBHCV,4.0 out of 5 stars,4.0,Amazon Customer,"Reviewed in the United States on July 31, 2025","I really like the flavor and it's one of my favorite protein powders, HOWEVER if you have anxiety or are someone who gets affected by caffeine you might want to stay away.",True,0,Flavor Name: Classic Milk Tea Size: 25 Servings,Classic Milk Tea,2025-07-31,2025-07-01,0.5849,pos
B07HRJ2VPK,1,customer_review-R2GDMKJN6LN3IU,5.0 out of 5 stars,5.0,Cindy,"Reviewed in the United States on July 31, 2025","The order came in pretty quick, I'll say it got at my house within three days. When I opened the bag, the powder smelled very delicious, sorta like Chocolate-flavored Nesquik. I used a blender to make mine with a cup of water and a cup of Oat milk which is very delicious. I don't see any issue with any clumsiness. It does get a bit foamy but I believe it's due to the blender. The other day, I had some regular milk tea at the mall and nearly couldn't finish it because it was so sweet. I really like how Boba Tea Protein is not very sweet but still very delicious and easy to drink. It is also low in calories compared to other protein drinks. I will definitely buy more flavors just so I have more to choose from.",True,0,Flavor Name: Classic Milk Tea Size: 25 Servings,Classic Milk Tea,2025-07-31,2025-07-01,0.9875,pos
B07HRJ2VPK,2,customer_review-R2VCTH7M6V2UAC,1.0 out of 5 stars,1.0,V,"Reviewed in the United States on July 26, 2025",Taste is awful. I couldn‚Äôt even finish a cup of one scoop of the coffee flavor blended with banana and oat milk. The smell of the powder on its own is disgusting so I‚Äôm not sure why I even tried to drink it. The sugar additives are both extremely bitter and overly sweet at the same time. I got sucked in by an instagram add and I love boba tea so I was hoping this might be good but it‚Äôs horrible. Stick with your usual protein.,True,0,Flavor Name: Vietnamese Coffee Size: 19 Servings,Vietnamese Coffee,2025-07-26,2025-07-01,-0.7353,neg
B07HRJ2VPK,2,customer_review-ROT3KKDBIZYAZ,5.0 out of 5 stars,5.0,Skylar,"Reviewed in the United States on July 26, 2025","I usually hate protein powder it's chalky, chunky, the taste is off, and the fake sugars bother me. This one is seriously so good!! I added half oatmilk and half water and used more than the 8 oz recommended on the package. I also added collagen powder. It was super smooth and sily, didn't have any weird taste. If I hadn't bought it I would NEVER have realized it had protein powder in it. I opted for the milk tea since it had more caffeine and Im using it to start my day. Absolutely love and will buy again.",True,2,Flavor Name: Classic Milk Tea Size: 25 Servings,Classic Milk Tea,2025-07-26,2025-07-01,0.4472,pos
B07HRJ2VPK,2,customer_review-R30PUJ71IXGLK8,4.0 out of 5 stars,4.0,T. Y.,"Reviewed in the United States on July 24, 2025","This is my second time buying this whey. I love boba tea however lately I have been trying to cut back on the boba drinks due to the calories and amount of carbohydrates ingested. I think the size, protein content and mix ability are great! It is not hard at all, i follow the instructions and mix a 2:1 ratio of almond milk and water, shake my bottle and it‚Äôs ready to be consumed. It tastes absolutely amazing and I love it!!!! I wish it was a bit more affordable hence I am taking one star.",True,2,Flavor Name: Classic Milk Tea Size: 25 Servings,Classic Milk Tea,2025-07-24,2025-07-01,0.9743,pos
B07HRJ2VPK,2,customer_review-RAP02BBPF24KP,5.0 out of 5 stars,5.0,Dorian,"Reviewed in the United States on July 23, 2025",Best tasting protein for the price. I mix mine with coconut milk and its perfect. I mix it in a blender with some cologne and pore it over ice. Its lasting a long time. I hope the protein content is correct. I know AMZN likes to sell... alternative ingredients according to the original creators of a lot of products. Either way its delicious!,True,0,Flavor Name: Classic Milk Tea Size: 25 Servings,Classic Milk Tea,2025-07-23,2025-07-01,0.9633,pos
B07HRJ2VPK,2,customer_review-R20XTGD1DRQQZ0,5.0 out of 5 stars,5.0,Hung N.,"Reviewed in the United States on July 23, 2025","Love it! Taste just like the good old milk tea, it also has caffeine so I can skip the coffee making!",True,0,Flavor Name: Classic Milk Tea Size: 25 Servings,Classic Milk Tea,2025-07-23,2025-07-01,0.8802,pos
B07HRJ2VPK,2,customer_review-R3FAZCJK2O3S03,1.0 out of 5 stars,1.0,hiscout,"Reviewed in the United States on July 23, 2025","I used to love their other flavors (Matcha and Taro) and was excited to have this as a morning coffee substitute.  It was absolutely disgusting.  Not just typical ""junk protein shake tasted"", but truly tasted incredibly chemical-like, and was undrinkable past a sip or two. I dont know if I got a bad batch, or if that's what it tastes like, but Im not wasting more money to try again and find out.",True,0,Flavor Name: Vietnamese Coffee Size: 19 Servings,Vietnamese Coffee,2025-07-23,2025-07-01,0.7041,pos
B07HRJ2VPK,2,customer_review-RMKX5R3ACTT1R,3.0 out of 5 stars,3.0,Kiki,"Reviewed in the United States on July 22, 2025",First time buying this product off Amazon and not the retailer site. The font on the packaging is a bit off and the product itself is has many clumps after shaken which wasn't an issue from the product purchased off the retail site. Not sure if the product itself have changes.,True,0,Flavor Name: Vietnamese Coffee Size: 19 Servings,Vietnamese Coffee,2025-07-22,2025-07-01,-0.1436,neg
B07HRJ2VPK,2,customer_review-RNGUGY1W5TXPW,5.0 out of 5 stars,5.0,kindra morris,"Reviewed in the United States on July 20, 2025","To me, this tastes EXACTLY like a classic boba tea. The powder dissolves extremely well and I've used both a shaker and a hand mixer to test it. It does not have any gritty consistency. I will definitely be buying this again!",True,0,Flavor Name: Classic Milk Tea Size: 25 Servings,Classic Milk Tea,2025-07-20,2025-07-01,0.8775,pos
B07HRJ2VPK,2,customer_review-R2DN9LR1S5KNYK,5.0 out of 5 stars,5.0,Cathy Y,"Reviewed in the United States on July 19, 2025","Love this brand and flavor! I tried milk tea, strawberry hibiscus, mango and Vietnamese coffee and they are all delicious.",True,0,Flavor Name: Vietnamese Coffee Size: 19 Servings,Vietnamese Coffee,2025-07-19,2025-07-01,0.8478,pos
B07HRJ2VPK,2,customer_review-R1ZXZ0YBDCNHDD,3.0 out of 5 stars,3.0,Maria Z.,"Reviewed in the United States on July 19, 2025","Much too sweet, but an awesome concept. Consistency is nice and it mixes well. Similar texture to Vietnamese coffee, if not a bit thicker. Wish there was less monk fruit.",False,0,Flavor Name: Vietnamese Coffee Size: 19 Servings,Vietnamese Coffee,2025-07-19,2025-07-01,0.9024,pos
B07HRJ2VPK,3,customer_review-R27L75A4BIBVG4,3.0 out of 5 stars,3.0,Barbmom,"Reviewed in the United States on July 19, 2025",I could not get this to disolve even with a blender.  It tasted awful.  I threw it away.,True,0,Flavor Name: Vietnamese Coffee Size: 19 Servings,Vietnamese Coffee,2025-07-19,2025-07-01,-0.4588,neg
B07HRJ2VPK,3,customer_review-R2FFW3W7BGYLPF,5.0 out of 5 stars,5.0,I.T. Process Monkey,"Reviewed in the United States on July 15, 2025",Best protein powder I‚Äôve tried! (And I must have tried a dozen at least.),True,0,Flavor Name: Classic Milk Tea Size: 25 Servings,Classic Milk Tea,2025-07-15,2025-07-01,0.6696,pos
B07HRJ2VPK,3,customer_review-R3224YSEM1LQK3,3.0 out of 5 stars,3.0,Jess Liu,"Reviewed in the United States on July 11, 2025","The flavor is awesome. But it gave me rashes. I would say if you are even slightly allergic to milk, be careful with this. I drink premier protein all the time, which also has milk in it, but I never have a problem. however, my body doesn't react very well to this brand.",True,0,Flavor Name: Classic Milk Tea Size: 25 Servings,Classic Milk Tea,2025-07-11,2025-07-01,0.3464,pos
B07HRJ2VPK,3,customer_review-R9L0IROGTI7PS,5.0 out of 5 stars,5.0,William Tang,"Reviewed in the United States on July 4, 2025",I like the taste of it! Been drinking the bag for a while now and thinking about buying it again. Maybe try another flavor this time.,True,0,Flavor Name: Classic Milk Tea Size: 25 Servings,Classic Milk Tea,2025-07-04,2025-07-01,0.4199,pos
B07HRJ2VPK,3,customer_review-R3RIPSZ6QQYGVR,3.0 out of 5 stars,3.0,Lydia Moore,"Reviewed in the United States on June 24, 2025","This was super sweet and had a terrible after taste. Some people may enjoy the extra sweet taste so I gave it a higher rating, but the after taste of the monk fruit was so bad I threw it out after one sip. Gross to me, but others found it enjoyable.",True,0,Flavor Name: Vietnamese Coffee Size: 19 Servings,Vietnamese Coffee,2025-06-24,2025-06-01,-0.4655,neg
B07HRJ2VPK,3,customer_review-RZB4Z87E13VSY,5.0 out of 5 stars,5.0,Victoria Verderosa,"Reviewed in the United States on June 21, 2025","OMG yum. Mixes well, tastes amazing.",True,0,Flavor Name: Classic Milk Tea Size: 25 Servings,Classic Milk Tea,2025-06-21,2025-06-01,0.7096,pos
B07HRJ2VPK,3,customer_review-R3L2P4E51OD3KW,5.0 out of 5 stars,5.0,Mervin,"Reviewed in the United States on June 18, 2025","I'm Viet. I have family that runs their own coffee shop. This is great stuff. I drink this because its simple and has protein + caffeine for my workouts, which is basically exactly what I've been wanting. I got tired of regular protein shake flavors so the Viet coffee and milk tea protein flavors are perfect for me. It tastes strong just like regular Viet coffee on its own but you can add stuff like condensed milk if you want it even more authentic.",True,3,Flavor Name: Vietnamese Coffee Size: 19 Servings,Vietnamese Coffee,2025-06-18,2025-06-01,0.8481,pos
B07HRJ2VPK,3,customer_review-R1MVZ6EVTH3C5P,5.0 out of 5 stars,5.0,Rachel Borchelt,"Reviewed in the United States on June 18, 2025","Why did you pick this product vs others?: Second purchase --- the regular Milk Tea is a favorite in our house! It is one of the best tasting protein powders I have ever tried by itself (typically, powders feel too chalky or have a chemical aftertaste and I get none of that from this), but I like to mix it with a dab of creamer and a squirt of peach mio for my go-to morning drink. I do typically mix it in a blender but have never had issues with consistency. Also have tried hot coffee in it; just be aware if the coffee is too hot you will separate the milk powder. Taste: It tastes like a sweet milk by itself. Hard to tell it's a protein powder once mixed into water or milk. Mixability: It has become the base for a protein-packed breakfast drink in our house. Coffee, matcha powder, different flavor drink enhancers, flavored creamer all can be combined in it.",True,1,Flavor Name: Classic Milk Tea Size: 25 Servings,Classic Milk Tea,2025-06-18,2025-06-01,0.8871,pos
B07HRJ2VPK,3,customer_review-R2I8FOLSBJF4CK,5.0 out of 5 stars,5.0,luv2read,"Reviewed in the United States on June 12, 2025","I had been thinking of purchasing this for a while and finally decided to bite the bullet since I‚Äôve been trying to get more protein in each day. One thing that was important to me was clean ingredients. This protein has clean ingredients, using monk fruit for the sweetener unlike many brands who choose to use sucralose. Another thing that was important to me was high protein. This has 25g of protein per scoop, which is higher than many other brands. The powder mixed well and tasted just like milk tea. I really enjoyed it!",True,2,Flavor Name: Classic Milk Tea Size: 25 Servings,Classic Milk Tea,2025-06-12,2025-06-01,0.944,pos
B07HRJ2VPK,3,customer_review-R2OC3AOURCAK44,5.0 out of 5 stars,5.0,KB,"Reviewed in the United States on June 9, 2025","Amazing product! It tastes great and blends smoothly. I wish it was a bit more affordable, but the ingredients are clean and the bag is huge, so I get it. I won't go back to Orgain after trying this.",True,0,Flavor Name: Classic Milk Tea Size: 25 Servings,Classic Milk Tea,2025-06-09,2025-06-01,0.9117,pos
B07HRJ2VPK,4,customer_review-R2UL2UECDD5HJF,1.0 out of 5 stars,1.0,Jay Koi,"Reviewed in the United States on June 9, 2025","When I opened the bag, it didn‚Äôt have the scent of tea, but something like a chalky dry milk. I've mixed this product with water, cow‚Äôs milk, alternative milks (almond, soy, oat, kheffir), espresso, tea and already made milk teas; yet all the results were the same. I didn't get any of that reminiscent ‚Äúmilk tea‚Äù taste or flavor like I would from a boba tea store (like Lan Fong Yuen in Hong Kong). This product tasted more like a sweet cereal milk (like the overly sweet milk you get after you eat half a box of sugary of Frosted Flakes). I‚Äôm chef trying to eat healthier, but I didn‚Äôt quite feel healthy after drinking this with the recommended 1 scoop right before working a dinner a service. The only thing I did enjoy about this specific flavor was that it mixed well with an already made cup of milk tea or a strong dark overly steeped tea, and that I would poop so good after! I‚Äôve tried a few of the other Boba Protein products and those seemed okay, however, this particular product wasn‚Äôt worth the value for the money and the quality of flavor wasn‚Äôt there either.",True,6,Flavor Name: Classic Milk Tea Size: 25 Servings,Classic Milk Tea,2025-06-09,2025-06-01,0.9924,pos
B07HRJ2VPK,4,customer_review-R2MLAM8RN8RBRS,1.0 out of 5 stars,1.0,Amazon Customer,"Reviewed in the United States on June 4, 2025",Tastes terrible. Taste of monk fruit is overpowering. Almost no coffee taste.,True,0,Flavor Name: Vietnamese Coffee Size: 19 Servings,Vietnamese Coffee,2025-06-04,2025-06-01,-0.6133,neg
B07HRJ2VPK,4,customer_review-R2SCKMY3FB57L4,1.0 out of 5 stars,1.0,REEs,"Reviewed in the United States on June 3, 2025",tastes very very stale and bad.,True,0,Flavor Name: Vietnamese Coffee Size: 19 Servings,Vietnamese Coffee,2025-06-03,2025-06-01,-0.5809,neg
B07HRJ2VPK,4,customer_review-R2DR7OQSH15WQ5,4.0 out of 5 stars,4.0,Sophie,"Reviewed in the United States on June 3, 2025","I wanted to give this five stars but I took one away because it is way too sweet. With that being said, I was looking for a protein powder that did not taste like protein powder and this is it! The consistency is also not thick so that's fantastic for me. Highly recommend this, just be prepared for the sweetness.",True,3,Flavor Name: Vietnamese Coffee Size: 19 Servings,Vietnamese Coffee,2025-06-03,2025-06-01,0.96,pos
B07HRJ2VPK,4,customer_review-R39EUUXQU6V80H,5.0 out of 5 stars,5.0,Kimberly Lopez,"Reviewed in the United States on June 2, 2025",I bought the Boba Milk Tea for my husband and I to try. It is AMAZING! I drink it with half milk & half water while my husband mixes it with just milk. It‚Äôs delicious and mixes well. I love that it doesn‚Äôt have ‚Äúnatural flavors‚Äù like other protein powders. We are going to make ice cream with it! This is a great alternative to the sugary Boba drinks out there which we love but avoid. Great product!!!,True,1,Flavor Name: Classic Milk Tea Size: 25 Servings,Classic Milk Tea,2025-06-02,2025-06-01,0.9595,pos
B07HRJ2VPK,4,customer_review-R19DBXQ96XQDZ,5.0 out of 5 stars,5.0,Mv,"Reviewed in the United States on June 2, 2025","Best tasting protein powder I‚Äôve ever tasted. Have the milk tea, taro, and matcha. Can‚Äôt taste the whey at all and it‚Äôs great for making ice cream.",True,0,Flavor Name: Classic Milk Tea Size: 25 Servings,Classic Milk Tea,2025-06-02,2025-06-01,0.8519,pos
B07HRJ2VPK,4,customer_review-R2C3E1FFMIWUVB,4.0 out of 5 stars,4.0,Amazon Customer,"Reviewed in the United States on June 2, 2025","I really liked the milk tea one so I wanted to try this. Unfortunately, I find it too sweet, sweeter than regular Vietnamese coffees I've tried, and with sort of a powdery smell. Will probably go through the bag anyways since I can't return but will buy the milk tea again when it's done.",True,0,Flavor Name: Vietnamese Coffee Size: 19 Servings,Vietnamese Coffee,2025-06-02,2025-06-01,0.2895,pos
B07HRJ2VPK,4,customer_review-RMISGH4XSIDMV,5.0 out of 5 stars,5.0,Abigail Thorpe,"Reviewed in the United States on May 30, 2025",Have bought multiple times! Great whey product.,True,0,Flavor Name: Classic Milk Tea Size: 25 Servings,Classic Milk Tea,2025-05-30,2025-05-01,0.6588,pos
B07HRJ2VPK,4,customer_review-R1KR4WW8WJK6Y0,5.0 out of 5 stars,5.0,David Sautner,"Reviewed in the United States on May 30, 2025","Absolutely love this protein powder!! I‚Äôve been drinking this everyday since I got it, it‚Äôs so easy to drink and hasn‚Äôt made my stomach hurt at all. 1000000% recommend to anyone interested",True,0,Flavor Name: Classic Milk Tea Size: 25 Servings,Classic Milk Tea,2025-05-30,2025-05-01,0.8914,pos
B07HRJ2VPK,4,customer_review-RYLVER75JIXI7,5.0 out of 5 stars,5.0,Daniel,"Reviewed in the United States on May 26, 2025","Tastes just like milk tea, its amazing! I don‚Äôt like when proteins use artificial sweeteners, so if they could make a version without the monk fruit extract, id be over the moon. I only make it with milk to simulate a milk tea, and you can drink it before your workout to make use of the caffeine. Might not be a good option if you dont want caffeine in your protein",True,2,Flavor Name: Classic Milk Tea Size: 25 Servings,Classic Milk Tea,2025-05-26,2025-05-01,0.7553,pos
B07HRJ2VPK,5,customer_review-R1JZM2HW6ZTN0O,2.0 out of 5 stars,2.0,Shan,"Reviewed in the United States on May 26, 2025","Boba Tea Protein Vietnamese Coffee is one of those experimental products that I really wanted to like‚Äîbut just couldn‚Äôt. From the first sip, I knew this was going to be a struggle. The flavor struck me as overwhelmingly artificial, with a strange bitterness and a lingering chalky sweetness that made it hard to finish even half a serving. I expected something that reminded me of a rich Vietnamese iced coffee, but what I got was closer to a miscalibrated protein shake with hints of coffee extract and something chemically sweet. Honestly, I gagged. I found the price‚Äî$49.99‚Äîto be almost insulting. For that cost, I expect either an exceptional flavor or nutritional payoff. This gave me neither. The idea of combining 25g of grass-fed whey protein isolate with boba tea elements sounds innovative, but in practice, it just doesn‚Äôt work. You end up with a drink that satisfies neither craving: it‚Äôs not rich and creamy like boba tea, and it‚Äôs not clean and neutral like a proper protein shake. It‚Äôs the worst of both worlds, and at this price point, it feels like a waste of money. I did try to salvage it. I mixed it with milk, added ice, blended it into a smoothie, even tried masking it with cinnamon or cocoa powder‚Äîbut nothing made the flavor tolerable. The drink has a weird after-feel that made my teeth feel squeaky and unpleasantly coated, possibly from the monk fruit sweetener or coconut oil creamer. The gritty texture never really went away either, no matter how well I shook or blended it. The worst part is that it left me feeling unsatisfied and slightly annoyed. I kept thinking: if I want boba tea, I‚Äôll get a real one. If I want a protein shake, there are far better, more palatable options. Combining the two sounds fun in theory, but this version didn‚Äôt deliver. It felt like the product was trying too hard to be trendy without nailing the basics of taste and drinkability. I‚Äôm giving this product 1.5 out of 5 stars, mostly because the nutritional content and ingredient transparency are solid on paper‚Äîbut the execution failed spectacularly. I just couldn‚Äôt bring myself to keep drinking it, and most of it ended up in the trash.",False,0,Flavor Name: Vietnamese Coffee Size: 19 Servings,Vietnamese Coffee,2025-05-26,2025-05-01,0.2985,pos
B07HRJ2VPK,5,customer_review-R2SZR8A8ZY7A7F,1.0 out of 5 stars,1.0,Jim,"Reviewed in the United States on May 24, 2025",Terrible flavor. My friend ordered just to try. Never again,False,0,Flavor Name: Classic Milk Tea Size: 25 Servings,Classic Milk Tea,2025-05-24,2025-05-01,0.0258,neu
B07HRJ2VPK,5,customer_review-R1738RZW4K4NAN,5.0 out of 5 stars,5.0,Moloud,"Reviewed in the United States on May 19, 2025",I wish I could have it 3-4 times a day,True,0,Flavor Name: Classic Milk Tea Size: 25 Servings,Classic Milk Tea,2025-05-19,2025-05-01,0.4019,pos
B07HRJ2VPK,5,customer_review-R9MBVBG32DROO,5.0 out of 5 stars,5.0,IslandTime,"Reviewed in the United States on May 18, 2025","Exceptionally drinkable!  I chose this product because I wanted a clean protein sweetened only with monk fruit.  I wasn‚Äôt expecting it to actually taste like milk tea!  What an absolute treat!!  It smells delightful with a smooth texture.  It didn‚Äôt completely dissolve in my shaker cup, but I may just need a bit more water",True,1,Flavor Name: Classic Milk Tea Size: 25 Servings,Classic Milk Tea,2025-05-18,2025-05-01,0.7916,pos
B07HRJ2VPK,5,customer_review-R11VPDGZEBWUVX,5.0 out of 5 stars,5.0,Alecs,"Reviewed in the United States on May 18, 2025","This flavor is by far my favorite.  For days I need extra kick, I'll mix one serving of this boba tea and an instant packet of Vietnamese coffee.",True,0,Flavor Name: Vietnamese Coffee Size: 19 Servings,Vietnamese Coffee,2025-05-18,2025-05-01,0.4588,pos
B07HRJ2VPK,5,customer_review-R3E1R03HO4L9F8,1.0 out of 5 stars,1.0,Laura Marquez,"Reviewed in the United States on May 15, 2025","I used to really like the products from this company. However, I noticed they slowly started decreasing the bag size and changed the length of the scoopers. For the same price I was paying before, it‚Äôs a lot less! I originally really liked this company and product. But I dislike they‚Äôre charging the same for less product now. It‚Äôs very clear they went from 37.7oz to 34.0oz to 32.5oz to 31.3oz. You can see the lengths of scoopers below.",False,3,Flavor Name: Classic Milk Tea Size: 25 Servings,Classic Milk Tea,2025-05-15,2025-05-01,0.5488,pos
B07HRJ2VPK,5,customer_review-RELTB8G06VUE1,5.0 out of 5 stars,5.0,Anon,"Reviewed in the United States on May 8, 2025","Its pretty good, I usually have half part water and milk (believe that was the instructions on the back). I would recommend it, but if you are a fan of the tapioca pearls they have it on their website separately. Bit pricey but I like the consistency better than Ryse.",True,0,Flavor Name: Classic Milk Tea Size: 25 Servings,Classic Milk Tea,2025-05-08,2025-05-01,0.9306,pos
B07HRJ2VPK,5,customer_review-R3RPFZ6EIGBDHE,5.0 out of 5 stars,5.0,Amazon Customer,"Reviewed in the United States on May 8, 2025",Vietnamese coffee (cafe sua da)? And as a protein drink? I'm all in! I am so glad this is a thing. It's a much healthier alternative than the sugared up condensed milk coffee I get at the restaurants. It uses monk fruit and my body is okay with that. I know Monk fruit can taste bitter to some people and luckily I'm not one of those. The caffeine level is higher than traditional coffee but Vietnamese coffee is typically higher than regular. The powder itself was easy to mix. I added some boba to mine (thus increasing the sugar back) I would totally get this again if the price is right and I'd like to try the milk tea version next,False,0,Flavor Name: Vietnamese Coffee Size: 19 Servings,Vietnamese Coffee,2025-05-08,2025-05-01,0.8976,pos
B07HRJ2VPK,5,customer_review-R3EE701079TIEI,5.0 out of 5 stars,5.0,Molly M,"Reviewed in the United States on May 7, 2025",Tasty and a good option for morning caffeine and protein if you‚Äôre a tea drinker.,True,0,Flavor Name: Classic Milk Tea Size: 25 Servings,Classic Milk Tea,2025-05-07,2025-05-01,0.4404,pos
B07HRJ2VPK,5,customer_review-RZI5YUNRARSQX,3.0 out of 5 stars,3.0,Megan Mandes,"Reviewed in the United States on May 7, 2025",Taste is not it but they are nice and refunded me so not so heck. I do like the matcha flavor tho,True,0,Flavor Name: Vietnamese Coffee Size: 19 Servings,Vietnamese Coffee,2025-05-07,2025-05-01,0.8098,pos
B07HRJ2VPK,6,customer_review-R1QKGLUQ7BQ5FW,5.0 out of 5 stars,5.0,Amazonerd,"Reviewed in the United States on May 5, 2025","This stuff tastes great. I wish it was a little higher serving of protein but for adding milk and water, this is probably the best stuff I've had.",True,1,Flavor Name: Classic Milk Tea Size: 25 Servings,Classic Milk Tea,2025-05-05,2025-05-01,0.8807,pos
B07HRJ2VPK,6,customer_review-RD23JYLJSVEZB,5.0 out of 5 stars,5.0,Amazon Customer,"Reviewed in the United States on May 4, 2025",The coffee flavor is insanely delicious!!! Pleasantly surprised and hits the spot when I drink it in the morning instead of my morning coffee. I just mix it with water and it isn‚Äôt clumpy at all. Highly recommend and will be placing another order since my husband has been secretly enjoying some too- he drinks his with milk and it is so creamy and delectable!,True,0,Flavor Name: Vietnamese Coffee Size: 19 Servings,Vietnamese Coffee,2025-05-04,2025-05-01,0.9753,pos
B07HRJ2VPK,6,customer_review-RQOZ8YR6BGD2U,4.0 out of 5 stars,4.0,Cheng,"Reviewed in the United States on April 30, 2025","I absolutely love it! I highly recommend mixing it with any dairy or dairy alternatives. However, when combined with water, the monk fruit sweetener becomes excessively sweet and leaves a slight aftertaste.",True,3,Flavor Name: Classic Milk Tea Size: 25 Servings,Classic Milk Tea,2025-04-30,2025-04-01,0.8904,pos
B07HRJ2VPK,6,customer_review-R1CCYRI5Y0MS2V,3.0 out of 5 stars,3.0,K & E,"Reviewed in the United States on April 29, 2025","Really wanted to like this, as what it's supposed to be is something we get regularly. Unfortunately, the flavor alone is a bit off putting, and you can really taste the protein additive, which unfortunately takes away from the overall flavor. Mixed in with coffee, on the other hand? And this stuff tastes great. It does have to be cold coffee however, as whatever this is made with DOES NOT mix with hot water. It clumps up ingo a weird glob, and never fully dissolves, but seems to displv5fine in cold water, which is strange. Either way, the effectiveness is noticable, as exercising has become less tiring, and we are able to push a bit further without having as much soreness after.",False,0,Flavor Name: Vietnamese Coffee Size: 19 Servings,Vietnamese Coffee,2025-04-29,2025-04-01,0.0211,neu
B07HRJ2VPK,6,customer_review-R3NU04ZOOG66OY,1.0 out of 5 stars,1.0,natalie,"Reviewed in the United States on April 29, 2025",This is the worst-tasting protein powder I've ever had !!!  The artificial flavoring is way too overpowering !! funky sweetness!!,True,0,Flavor Name: Classic Milk Tea Size: 25 Servings,Classic Milk Tea,2025-04-29,2025-04-01,0.6083,pos
B07HRJ2VPK,6,customer_review-R3IHAU2M6C79R,4.0 out of 5 stars,4.0,Chris,"Reviewed in the United States on April 29, 2025",Actually tastes like milk tea which I liked. Too expensive for what it is though.,True,0,Flavor Name: Classic Milk Tea Size: 25 Servings,Classic Milk Tea,2025-04-29,2025-04-01,0.6486,pos
B07HRJ2VPK,6,customer_review-R2911EJB9SUWOK,2.0 out of 5 stars,2.0,Jenniphotrn,"Reviewed in the United States on April 28, 2025","I never write reviews...but I feel I have to for the sake of other's who are thinking of buying this product. I read a lot of the reviews and everyone raved on the taste. I tried a few times to make myself like it but the monk fruit sweetener taste it extremely strong. I am viet and know viet coffee and this does not resemble viet coffee. If you do not like the subtle taste of monk fruit, do not buy this because its all you can taste. I'm very sad I lost $50 on something I do not like :(",True,1,Flavor Name: Vietnamese Coffee Size: 19 Servings,Vietnamese Coffee,2025-04-28,2025-04-01,0.8069,pos
B07HRJ2VPK,6,customer_review-R7OKURJ08ZRKB,5.0 out of 5 stars,5.0,Pen Name,"Reviewed in the United States on April 27, 2025","My absolute favorite protein powder company - I've had the matcha, Thai tea, and Vietnamese coffee flavor. By far the Vietnamese coffee protein powder is the best! It tastes like actual Vietnamese coffee. I usually never finish any protein powder I get - usually sits in the back of the cabinet to rot...I originally thought that the matcha was the best, but the Vietnamese coffee flavor takes the win for me.",True,0,Flavor Name: Vietnamese Coffee Size: 19 Servings,Vietnamese Coffee,2025-04-27,2025-04-01,0.9252,pos
B07HRJ2VPK,6,customer_review-R2RY2EYZGMCMG,5.0 out of 5 stars,5.0,mrwndrful,"Reviewed in the United States on April 24, 2025",Love this flavor and good protein content,True,0,Flavor Name: Vietnamese Coffee Size: 19 Servings,Vietnamese Coffee,2025-04-24,2025-04-01,0.7964,pos
B07HRJ2VPK,6,customer_review-R303FFJ0P00BAW,1.0 out of 5 stars,1.0,Kevin Huang,"Reviewed in the United States on April 19, 2025","I was hesitant when I opened the bag and it did not smell pleasant at all. This product does not taste like Vietnamese Coffee at all. I‚Äôve tried it with both water and milk but it does not taste good at all. Unfortunately not what I wanted it to be, not sure what the other reviews are tasting but nowhere near the flavor as advertised.",True,2,Flavor Name: Vietnamese Coffee Size: 19 Servings,Vietnamese Coffee,2025-04-19,2025-04-01,-0.89,neg
B07HRJ2VPK,7,customer_review-R44AKVIAEMAU,5.0 out of 5 stars,5.0,Naomi Timmons,"Reviewed in the United States on April 11, 2025",This is a healthier and tastier way to boba! I only use about 1/4 of a scoop for 600 ml. The flavors are too strong for a whole scoop. I‚Äôm loving them! I put them in glass containers for easier daily use.,True,0,Flavor Name: Classic Milk Tea Size: 25 Servings,Classic Milk Tea,2025-04-11,2025-04-01,0.915,pos
B07HRJ2VPK,7,customer_review-RZA0LHVUFARLT,5.0 out of 5 stars,5.0,N. Prince,"Reviewed in the United States on April 6, 2025","I got the tea one. I really love the taste. I blend it in a blender and it comes out perfect. I wish it wasn‚Äôt so expensive, but I would buy it again. I look forward to having it for breakfast",True,0,Flavor Name: Classic Milk Tea Size: 25 Servings,Classic Milk Tea,2025-04-06,2025-04-01,0.7137,pos
B07HRJ2VPK,7,customer_review-R1THUYSXKHZPBN,5.0 out of 5 stars,5.0,S. Austin,"Reviewed in the United States on April 5, 2025",Omg this is great ! It‚Äôs not like drinking a protein shake! I love it! I get my protein in and a sweet treat. Satisfying! I will definitely try the other flavors as it comes! I do recommend blending vs shaking for better consistency. No chalkiness or weird smell.,True,0,Flavor Name: Classic Milk Tea Size: 25 Servings,Classic Milk Tea,2025-04-05,2025-04-01,0.9631,pos
B07HRJ2VPK,7,customer_review-R33ZY8EVJS1JYF,1.0 out of 5 stars,1.0,VD0198,"Reviewed in the United States on March 29, 2025","tastes like monkfruit mud water, not coffee or even vietnamese coffee. do not buy, gave me headache.",True,1,Flavor Name: Vietnamese Coffee Size: 19 Servings,Vietnamese Coffee,2025-03-29,2025-03-01,0.3612,pos
B07HRJ2VPK,7,customer_review-R7XU8QNXJACGU,1.0 out of 5 stars,1.0,James,"Reviewed in the United States on March 28, 2025",Taste super fake,True,1,Flavor Name: Vietnamese Coffee Size: 19 Servings,Vietnamese Coffee,2025-03-28,2025-03-01,0.2023,pos
B07HRJ2VPK,7,customer_review-R26V6W08AHZNWS,3.0 out of 5 stars,3.0,David,"Reviewed in the United States on March 27, 2025","I saw this on many many ads and I love milk tea, so I decided I had to try it. The price was on the high side, considering I could get Optimum Nutrition for way less money and I go through protein fairly quickly. I thought about it for a while until I decided to just go for it. I mixed it like the instructions said, 4oz water / 4 oz milk + 1 scoop of powder. I had very high expectations given all the 5 star reviews, but now I'm wondering whether all those people were either 1) shills, 2) never had milk tea in their lives. There is a strong tea taste somewhere in there I'll give you that, but it does not taste like the black milk tea you can get at a boba shop. Drinking this leaves a strong bitter lingering note in my mouth after taking a few sips (from the black tea) so that's also a downside. All in all it doesn't come anywhere near satisfying my milk tea cravings. I think I would be better off brewing the tea at home myself and adding fairlife + whey powder to make my own milk tea protein drink. I can see what they were trying to do, but this is just not it. I don't think I'll ever be buying this again. I guess I still need to finish the bag so we'll see if this grows on me. But for now I give it maybe a 2.5 / 5, and being generous I rounded up to a 3.",True,8,Flavor Name: Classic Milk Tea Size: 25 Servings,Classic Milk Tea,2025-03-27,2025-03-01,0.9736,pos
B07HRJ2VPK,7,customer_review-R3G38LZP76VBKA,5.0 out of 5 stars,5.0,Alyssa,"Reviewed in the United States on March 24, 2025","Taste wise - It's pretty delicious and just like a coffee latte especially with milk which makes it so creamy and dreamy. Unfortunately there is the classic alternative sugar aftertaste. It doesn't use Stevia but it's very similar to the type of aftertaste you get from that. I'm guessing it's from the Monk Fruit alternative sugar. For me the strong coffee taste does kind of cover it up and counteract it pretty well but it's still obviously there. Still love the taste. Mixing - The powder does not dissolve easily which is my main con for this. You absolutely need a shaker bottle as recommended and shake a lot and vigorously or it will not dissolve. It's pricey, but you get a huge generously sized bag. Not sure why it's called boba tea when this has no boba and isn't even tea, but delicious way to get your protein!",False,1,Flavor Name: Vietnamese Coffee Size: 19 Servings,Vietnamese Coffee,2025-03-24,2025-03-01,0.9864,pos
B07HRJ2VPK,7,customer_review-R2N63TG55RLM3X,5.0 out of 5 stars,5.0,Robin,"Reviewed in the United States on March 22, 2025","I was surprised on just how much this actually tasted and smelled like coffee! I expected it to be more ""flavored"" like other protein products, but this was surprisingly strong and tasty.  I'd even recommend trying this with milk instead of water since it'll add to that flavor.  I can taste a bit of the coconut creamer that is used in this blend, though I have trouble picking out the monk fruit sweetner.  While the price is a bit higher than some other protein products, I can see myself absolutely buying this again since I think it's hard to find a protein blend that actually tastes good.",False,1,Flavor Name: Vietnamese Coffee Size: 19 Servings,Vietnamese Coffee,2025-03-22,2025-03-01,0.9252,pos
B07HRJ2VPK,7,customer_review-RM1BRHML51TNM,5.0 out of 5 stars,5.0,AutoxSTI,"Reviewed in the United States on March 22, 2025","This boba tea mix makes for a great tasting drink.  The original intent of this is to make bubble tea, but since I didn't have any available at the time, I decided to try it without adding the boba.  Even without it, it makes a great drink.  Has the classic flavor of Vietnamese coffee without the hassle.  Just add warm water and you're good to go.  Comes in a huge over two pound bag to make a lot of coffees.  Also nice is that it provides a good amount of whey protein to supplement your diet.  Also nice is that it uses monk fruit instead of added sugar for sweetness.",False,0,Flavor Name: Vietnamese Coffee Size: 19 Servings,Vietnamese Coffee,2025-03-22,2025-03-01,0.9878,pos
B07HRJ2VPK,7,customer_review-R2VKFLTZNBBQLR,4.0 out of 5 stars,4.0,Silverbullet875,"Reviewed in the United States on March 20, 2025","So, this is a giant bag! I was surprised exactly how big it was. The scoop is REALLY big. I really like the coffee flavor, but it is very strong. I've learned that I prefer to use less than a scoop in my drinks. There is a bit of sweetener aftertaste as well. But not enough to turn me off of it. I like to use it in almond milk as well as my overnight oats/chia pudding concoction I make. I mix it in with a frother and it blends with no problem using this method. No weird grittiness. This big bag should last me a long time!",False,1,Flavor Name: Vietnamese Coffee Size: 19 Servings,Vietnamese Coffee,2025-03-20,2025-03-01,0.8923,pos
B07HRJ2VPK,8,customer_review-R2KIJJGMCSPA9O,3.0 out of 5 stars,3.0,Buttercup,"Reviewed in the United States on March 18, 2025","Boba Tea Protein has a whopping 25g of protein in each serving. The resealable bag holds 32 ounces of sandy colored powder made up of 100% grass-fed whey protein isolate, coconut oil creamer, 100% Vietnamese Robusta Coffee, monk fruit extract, and salt. To make a serving you just need to mix 1 scoop of powder with 8-10 ounces of chilled water and shake in a protein shaker cup. You can also use various combinations of milk (traditional or plant based) and water to change the consistency and make it creamier. I opted to use 10¬†ounces of chilled water. The powder dissolved easily and left no residue at the base of the cup. It had an intoxicating and inviting aroma of coffee. The drink is light and the initial flavor is a delicious coffee.  But the sip transforms and finishes on a very cloyingly sweet note that coated my palate and remained strong long after I had finished the drink. I am guessing this is from the inclusion of monk fruit extract. This is the part of the drink that I was not a fan of. There are 25 servings per bag with each 1 scoop serving (37.4g) containing 150 Calories, 3g Total Fat, 6g Total Carbohydrate, and 25g Protein. It is Manufactured in the USA. It is a soy-free, gluten free, and grain free product. The product that I received has a best by date of 20 months from the date that I received it.¬†Overall, I loved that it had such a tasty coffee flavor but sadly the monk fruit extract overwhelmed this flavor and the drink finished on a cloyingly sweet note. I just wish that the drink was made with raw sugar as I think it would have been a better option.",False,1,Flavor Name: Vietnamese Coffee Size: 19 Servings,Vietnamese Coffee,2025-03-18,2025-03-01,0.992,pos
B07HRJ2VPK,8,customer_review-R37ZREY33Y78AG,5.0 out of 5 stars,5.0,LineSol,"Reviewed in the United States on March 17, 2025","I'm a bubble tea head. And this protein shake doesn't make me feel guilty to enjoy it every single day. Honestly, it tastes strange to me at first. Perhaps because I'm not used to the monk fruit sweetener. But it grew on me, and now I'm really looking forward to it everyday. I don't like my drink too sweet. So my ratio is 5oz almond milk, 5 oz water, boba tea protein, cooked boba, ice. Shake for 30 seconds then enjoy!",True,2,Flavor Name: Classic Milk Tea Size: 25 Servings,Classic Milk Tea,2025-03-17,2025-03-01,0.7451,pos
B07HRJ2VPK,8,customer_review-RX5A6OBNM4PP5,5.0 out of 5 stars,5.0,Samara,"Reviewed in the United States on March 12, 2025",This is the one protein powder I've drank that doesn't taste bad. It has a very mild and palatable flavor and I'm able to shake it smooth fairly easy compared to other protein powders. The ingredients are also very high quality so you definitely get what you pay for. I wish you could buy this in a bigger size because I like it so much I go through it like a bag of chips.,True,0,Flavor Name: Classic Milk Tea Size: 25 Servings,Classic Milk Tea,2025-03-12,2025-03-01,0.945,pos
B07HRJ2VPK,8,customer_review-R38SH9C62ZYR7A,5.0 out of 5 stars,5.0,Amazon Customer,"Reviewed in the United States on March 12, 2025","I got this and the taro flavor. I prefer taro but this is great as a morning coffee replacement whilst adding to my macros. You can‚Äôt even tell it's monk fruit sweetener nor can you taste the coconut creamer. Very creamy and smooth especially if you blend with ice. I just use an immersion blender to save on dishes. Highly recommend this product! Macros are great, nothing artificial. ** TIP: blend with ice and cacao powder (this neutralizes the stevia-ish taste and makes it smoother).",True,4,Flavor Name: Vietnamese Coffee Size: 19 Servings,Vietnamese Coffee,2025-03-12,2025-03-01,0.9799,pos
B07HRJ2VPK,8,customer_review-R22OOONZ5807LT,5.0 out of 5 stars,5.0,brittani,"Reviewed in the United States on March 11, 2025","Love this item! Used to drink viet coffee everyday now I drink this! Definitely help to cut my regular coffee intake. I drink this everyday morning! Used to order from their website, so glad that it‚Äôs on Amazon now! Great protein shake! Good Marcos! 120 of calories and 25g of protein I mix this with almond milk! Not too sweet. One bag takes one month is finish so it‚Äôs a good value for $50.",True,2,Flavor Name: Vietnamese Coffee Size: 19 Servings,Vietnamese Coffee,2025-03-11,2025-03-01,0.9759,pos
B07HRJ2VPK,8,customer_review-R30VBZMZAIZM8,4.0 out of 5 stars,4.0,K-Lyn,"Reviewed in the United States on March 10, 2025","This Boba Tea Protein Vietnamese Coffee has 25g of grass fed whey protein per serving and 25 servings per pack. This tastes like a protein coffee drink, which is great cause so many proteins taste odd. This one is nice and has a lighter coffee flavor. I like this cold, but instead of water, I like to make it with oat milk. Easy to use and shake up.",False,0,Flavor Name: Vietnamese Coffee Size: 19 Servings,Vietnamese Coffee,2025-03-10,2025-03-01,0.8847,pos
B07HRJ2VPK,8,customer_review-R3IT9TOKWASH6R,5.0 out of 5 stars,5.0,Kumo X.,"Reviewed in the United States on March 10, 2025",Love it! Taste yummy üòã! Not too sweet just perfect!,True,0,Flavor Name: Classic Milk Tea Size: 25 Servings,Classic Milk Tea,2025-03-10,2025-03-01,0.8933,pos
B07HRJ2VPK,8,customer_review-R17D683ZCI4Y2C,5.0 out of 5 stars,5.0,Dilly Dahlia,"Reviewed in the United States on March 9, 2025","I typically don't use whey protein mostly because I am not a fan of the taste. But vietnamese coffee is one of my favorite things, so I gave this a shot expecting to be doubly disappointed. But truthfully this may be the tastiest whey mix I have ever tried. Mixes well into water or milk and makes a delightful latte reminiscent of a pour over Viet coffee that is a nice midday treat with nutritive value.",False,0,Flavor Name: Vietnamese Coffee Size: 19 Servings,Vietnamese Coffee,2025-03-09,2025-03-01,0.9699,pos
B07HRJ2VPK,8,customer_review-RF8T878L17HSS,4.0 out of 5 stars,4.0,Kimberly,"Reviewed in the United States on March 9, 2025",This is a great way to get your intake of protein and caffeine! The coffee taste is a bit strong for me but that‚Äôs expected of Vietnamese coffee! I used half milk and half water and next time I might use a little less than a full scoop. I used a blender bottle and it mixed very well with no extra particles. This Boba tea protein is a very niche market and they have some other cool flavors I‚Äôm interested in.,False,0,Flavor Name: Vietnamese Coffee Size: 19 Servings,Vietnamese Coffee,2025-03-09,2025-03-01,0.9039,pos
B07HRJ2VPK,8,customer_review-RHX0GNGKSZQER,4.0 out of 5 stars,4.0,Mari,"Reviewed in the United States on March 9, 2025","I am a huge fan of Vietnamese coffee so I was very excited to try this protein flavored shake. I simply mixed it with water and it turned out great in my shaker without any lumps at all. The flavor tastes great and better than other protein flavored shakes that I have tried in the past, but it also has higher calories compared to others so that is something to be mindful about. I typically drink a protein shake as a meal replacement, so the calories is well worth it for me!",False,0,Flavor Name: Vietnamese Coffee Size: 19 Servings,Vietnamese Coffee,2025-03-09,2025-03-01,0.9046,pos
B07HRJ2VPK,9,customer_review-R24NV5XMSN83FB,4.0 out of 5 stars,4.0,Bunny,"Reviewed in the United States on March 9, 2025","If you're on the search for a protein-coffee, I think this is a pretty good choice! The bag is large, it comes with a scoop and the taste is good. It does taste like coffee, reminds me of Vietnamese coffee, and it definitely has caffeine in it. It is on the sweeter side and it's not sweetened with my preferred sweetener, but it works well for a morning protein drink regardless. It mixes well and tastes good with ice.",False,0,Flavor Name: Vietnamese Coffee Size: 19 Servings,Vietnamese Coffee,2025-03-09,2025-03-01,0.9463,pos
B07HRJ2VPK,9,customer_review-R15NPGF2C1JE5M,5.0 out of 5 stars,5.0,costco,"Reviewed in the United States on March 8, 2025","The Boba Tea Protein Vietnamese Coffee is an amazing way to combine my love for bubble tea with the benefits of protein! The 25g of grass-fed whey protein isolate makes it a great post-workout drink, and the 112mg of caffeine gives me the perfect energy boost without being overwhelming. The flavor is rich and authentic, just like a real Vietnamese coffee, and I love that it‚Äôs gluten-free, soy-free, and lactose-free. It's easy to mix, and the 25 servings in the package are perfect for daily use. Highly recommend this for anyone looking for a tasty, energizing, and healthy protein drink!",False,0,Flavor Name: Vietnamese Coffee Size: 19 Servings,Vietnamese Coffee,2025-03-08,2025-03-01,0.9933,pos
B07HRJ2VPK,9,customer_review-RUO97IE64D63,1.0 out of 5 stars,1.0,Huamin H Li,"Reviewed in the United States on March 8, 2025","I don‚Äôt know what yall are tasting when you rave about this protein, talkin about how it tastes exactly like boba! I was sooooo excited for this but yall should be arrested for convincing me to buy it! This is one of the worst tasting protein powders I‚Äôve ever had the displeasure of drinking. It was so bad that here I am writing my first ever Amazon review, in hopes of saving someone else from wasting their money. It tastes absolutely nothing like boba‚Ä¶ Please do yourself a favor and buy another brand.",True,1,Flavor Name: Classic Milk Tea Size: 25 Servings,Classic Milk Tea,2025-03-08,2025-03-01,-0.7943,neg
B07HRJ2VPK,9,customer_review-R3HAN6NVHETBZN,5.0 out of 5 stars,5.0,LuLu,"Reviewed in the United States on March 7, 2025","Firstly,the size of product you get for the price,is amazing! I was skeptical at first,but I'm glad I gave this a go. It's so delicious. I don't have a shaker bottle,so I had to use my blender. I did one scoop,8 oz of water,with some ice. It turned out perfectly. It isn't chalky,and it has a true Vietnamese coffee flavor. With 25 grams of protein per serving,this is the perfect morning shake. The monk fruit gives it the right amount of sweetness, without the unhealthiness of sugar.",False,0,Flavor Name: Vietnamese Coffee Size: 19 Servings,Vietnamese Coffee,2025-03-07,2025-03-01,0.9742,pos
B07HRJ2VPK,9,customer_review-RWKR9SF02YV2,5.0 out of 5 stars,5.0,Hunter Warrior,"Reviewed in the United States on March 7, 2025","This boba tea protein coffee drink mix is easy to prepare and tastes good. The powder dissolves easily in water. No gritty texture. It has a nice, sweet coffee flavor. It is smooth and fairly creamy. The added grass-fed whey protein is great. I like that it is low in sugar and lactose. Sweetened with monk fruit extract. It contains 112mg of natural caffeine per serving. This comes in a large, resealable, foil-lined standup retail bag. A scoop is provided for easy measuring. Overall, I really like this. It is a great protein coffee drink to have when I need a little pick-me-up in the afternoon. It is energizing and fairly filling. For around $2 per serving, it seems like a pretty decent value for the money. Made in USA.",False,0,Flavor Name: Vietnamese Coffee Size: 19 Servings,Vietnamese Coffee,2025-03-07,2025-03-01,0.9912,pos
B07HRJ2VPK,9,customer_review-R6EJJOLMZC8KO,5.0 out of 5 stars,5.0,A Simple Consumer,"Reviewed in the United States on March 6, 2025","I was curious about whey protein powder being advertised for use in boba drinks. I tried it with just water 10oz and it's very sweet and strong; you can definitely taste the vietnamese coffee influence. I can see it being good with added pearls/tapioca but it's a bit too strong and sweet as is. It does have a bit of an aftertaste, similar to coffee and a bit of that artificial sweetener taste but it's not too bad and would be better if you have complimentary ingredients added to offset some of that sweetness.",False,0,Flavor Name: Vietnamese Coffee Size: 19 Servings,Vietnamese Coffee,2025-03-06,2025-03-01,0.9872,pos
B07HRJ2VPK,9,customer_review-R1S72N2J2G8DEX,5.0 out of 5 stars,5.0,Glass Dice,"Reviewed in the United States on March 6, 2025",This protein powder tastes fantastic and the ingredients are great. The powder mixes well and is a great afternoon pick-me-up with the caffeine. My only criticism is the packaging. It comes in a ziplock bag and the powder gets stuck in the zipper track from shipping. I couldn‚Äôt zip the bag shut after opening it and had to stick the whole bag into a plastic tub. I‚Äôd love to see a ziplock slider in the future as packaging improvement.,True,1,Flavor Name: Classic Milk Tea Size: 25 Servings,Classic Milk Tea,2025-03-06,2025-03-01,0.9531,pos
B07HRJ2VPK,9,customer_review-R3CEUUMC6DOQJW,4.0 out of 5 stars,4.0,SunnySkies,"Reviewed in the United States on March 5, 2025","I really appreciate that this coffee boba tea is so high in protein! I made it with water and (and without boba, as I didn't have any on-hand). The flavor is pleasantly coffeelike, but the aftertaste from the sweetener was less pleasant to my palate. It lingered and left a dry feel to my mouth. I am very picky when it comes to artificial sweeteners, so your experience may well be different. If you are looking for a high protein beverage, this is a good choice.",False,0,Flavor Name: Vietnamese Coffee Size: 19 Servings,Vietnamese Coffee,2025-03-05,2025-03-01,0.9306,pos
B07HRJ2VPK,9,customer_review-R2AK2PHIYCB75P,5.0 out of 5 stars,5.0,Jack,"Reviewed in the United States on March 5, 2025","I use protein after working out and most protein flavors are pretty bad to be honest. This Boba tea protein is a refreshing way to get extra protein. The powder dissolved easily in a shaker and I didn't experience any clumping. The taste is a bit hard to describe however there's a hint of chocolate, it tastes like a sweet coffee to be honest. I can get used to using this in stead of regular powder, there's no fillers that I see and everything is healthy.",False,0,Flavor Name: Vietnamese Coffee Size: 19 Servings,Vietnamese Coffee,2025-03-05,2025-03-01,0.9231,pos
B07HRJ2VPK,9,customer_review-R1KJ7XV68USAZZ,5.0 out of 5 stars,5.0,puZzled,"Reviewed in the United States on March 4, 2025","I adore this Boba Tea Protein Vietnamese Coffee. I can get my afternoon coffee fix/pick me up AND a whopping 25gs of protein in one shake! It mixes easily and the texture is smooth, not gritty. The coffee is strong and sweet, very tasty. The downside is it's 150 calories per scoop but as long as you're aware and considering it in your daily caloric intake, it's no big deal. You would get at least that many calories in most foods you might eat with a similar (or even lesser!) protein content. Worth the trade off to me! I am crazy about this shake, for the flavor and the nutritional value. Great product.",False,0,Flavor Name: Vietnamese Coffee Size: 19 Servings,Vietnamese Coffee,2025-03-04,2025-03-01,0.8884,pos
B07HRJ2VPK,10,customer_review-R17SZE7LVSER6X,4.0 out of 5 stars,4.0,JKremmer Fitness,"Reviewed in the United States on February 14, 2025","If you‚Äôre after a boba-inspired protein shake, Boba Tea Protein nails the flavor. It‚Äôs Truly Grass Fed-certified, 99.99% lactose-free, and mixes smoothly without the chalky texture of lower-quality proteins. With 25g of protein per serving, it‚Äôs a solid pick for daily protein intake‚Äîbut not the best choice for post-workout recovery. What You Need to Know Before Buying: ‚úî Tastes Like Real Milk Tea ‚Äì Smooth, creamy, and lightly sweet with no stevia aftertaste. ‚úî High-Quality Whey Isolate ‚Äì Boba Tea Protein sources its whey from Irish grass-fed dairy. ‚úî Contains Caffeine ‚Äì Classic Milk Tea has 121mg per serving, which might not be ideal after workouts. ‚úî Easy to Mix ‚Äì Dissolves well in a shaker bottle with minimal clumping. Why Not 5 Stars? Not the Best for Recovery ‚Äì The fat content (4g) and caffeine could slow digestion post-workout. Protein Efficiency is Lower ‚Äì With 66% protein per serving, it‚Äôs less efficient than other isolates at this price. If you‚Äôre looking for a high-protein milk tea alternative, Boba Tea Protein is a great option. Just know it‚Äôs more about flavor than muscle recovery. Final Grade: ‚≠ê‚≠ê‚≠ê‚≠ê‚ú® (4.5/5) Would I buy it again? Yes‚Äîfor taste. Not as a post-workout shake.",False,0,Flavor Name: Classic Milk Tea Size: 25 Servings,Classic Milk Tea,2025-02-14,2025-02-01,0.8652,pos
B07HRJ2VPK,10,customer_review-R18AH69FGOZNT4,4.0 out of 5 stars,4.0,ishakushak,"Reviewed in the United States on February 9, 2025","I've ordered this several times it's really good. Pros: clean ingredients with monkfruit used to sweeten it. Taste like actual milk tea, not too sweet. Mixes well with just water. Cons: has caffiene. Would be nice if there was a decaf version. Because of the caffeine it's only good for the mornings. If I haven't had my protein shake I can't use this mid day...so if you're sensitive to caffeine this is something you would need to consider. Having tried their taro and Vietnamese coffee flavors I can confidently say this is the only drinkable one. The others are way too sweet and taste/smell weird. If you're looking for something so scratch to boba tea itch, classic milk tea is the way to go.",True,4,Flavor Name: Classic Milk Tea Size: 25 Servings,Classic Milk Tea,2025-02-09,2025-02-01,0.9098,pos
B07HRJ2VPK,10,customer_review-R1IQ0W6M0GJOPS,5.0 out of 5 stars,5.0,AmazonShopper ZJ,"Reviewed in the United States on February 4, 2025","I have this protein every day during my workout in the morning, it gives me the caffeine kick I need, tastes great and has the healthiest ingredients I have seen in a protein powder; grass fed whey isolate and no artificial sweetener.",True,0,Flavor Name: Classic Milk Tea Size: 25 Servings,Classic Milk Tea,2025-02-04,2025-02-01,0.2732,pos
B07HRJ2VPK,10,customer_review-R3E9IPUODT6RGC,5.0 out of 5 stars,5.0,Kiara,"Reviewed in the United States on January 24, 2025",So creamy and delicious! It tastes just like milk tea. Definitely my go to protein powder.,True,0,Flavor Name: Classic Milk Tea Size: 25 Servings,Classic Milk Tea,2025-01-24,2025-01-01,0.9144,pos
B07HRJ2VPK,10,customer_review-R1475TT2YOU8CM,5.0 out of 5 stars,5.0,Michelle Mac,"Reviewed in the United States on January 14, 2025","Texture/Mixability I don't know what everyone else was experiencing but how I got it to mix very well is by getting 6 oz of hot water from my Keurig. I then heated up a mason jar (just put under hot tap water so it doesn't crack when you put in the hot water from the Keurig/tea kettle/etc.) put in your 6 oz of hot water in. I then have one of those metal blender balls, I put it in the mason jar. On the bag it says to use one scoop, however I liked using half of a scoop, I like the taste better. I then put the lid on and shake, it literally takes maybe 5-10 sec of shaking to see visibly no clumps, I do it for an additional 20 sec just to be sure. Then put it into ice, and then add your choice of milk. By doing all of that, the Mixability and texture is 10/10, no gross grittiness, clumps, or gross aftertaste. I even like to add a little creamer or strawberry syrup to give it a little more sweetness or different flavor. Taste- If you don't like black tea, this isn't for you. It tastes much like black tea. It's not an overwhelming taste. Value for money- Now I don't know if it is, since I just got it, however, because I like it as half of a scoop it could get me close to 50 servings instead of the 25.",True,5,Flavor Name: Classic Milk Tea Size: 25 Servings,Classic Milk Tea,2025-01-14,2025-01-01,0.9749,pos
B07HRJ2VPK,10,customer_review-R19WZ15LPRAK55,5.0 out of 5 stars,5.0,Icenee,"Reviewed in the United States on January 11, 2025","Not kidding, I‚Äôve stopped regular boba milk tea for years and recently suddenly like obsessed with it so much and wanting to have it so bad, but is fattening. Then I saw this and get it a try. Wow! It really amazed me, good jobüëç like real!",True,0,Flavor Name: Classic Milk Tea Size: 25 Servings,Classic Milk Tea,2025-01-11,2025-01-01,0.9575,pos
B07HRJ2VPK,10,customer_review-R1V331PR2AANEG,3.0 out of 5 stars,3.0,Heather S.,"Reviewed in the United States on January 6, 2025","If you like/don't mind monk fruit, the milk tea flavor is GREAT!!!!!! Yes, it's a protein drink, but that protein flavor is subtle and very palatable in this mix! HOWEVER, monk fruit has a very bitter after taste to me and they were not afraid of adding a large amount of it in here. I have read adding Stevia offsets the monk fruit flavor. As much as I wanted to love this, idk if I can get over so much monk fruit.",True,4,Flavor Name: Classic Milk Tea Size: 25 Servings,Classic Milk Tea,2025-01-06,2025-01-01,0.8302,pos
B07HRJ2VPK,10,customer_review-R2XD0GGO0HKLBY,5.0 out of 5 stars,5.0,Great waterbottle!,"Reviewed in the United States on December 20, 2024","I order the original milk tea flavor. All of their proteins seem high quality. They blend super well (I use like 3/4 milk and 1/4 water ratio) and don't upset my stomach at all. The flavor is also very on point, and I honestly don't feel like I'm drinking protein powder at all. It tastes just like boba tea. I think the price is warranted, because I drink these 3-6 times a week, and its about a months supply for me. Id rather spend a little more on tasty, high quality protein than go cheap and get nasty tasting, grainy protein that upsets my stomach.",True,2,Flavor Name: Classic Milk Tea Size: 25 Servings,Classic Milk Tea,2024-12-20,2024-12-01,0.9167,pos
B07HRJ2VPK,10,customer_review-R2KBJWK2488UYZ,1.0 out of 5 stars,1.0,Mehrnoosh Samaei,"Reviewed in the United States on December 13, 2024",Could be a good source of protein but I did not like the taste,True,0,Flavor Name: Classic Milk Tea Size: 25 Servings,Classic Milk Tea,2024-12-13,2024-12-01,-0.1815,neg
B07HRJ2VPK,10,customer_review-R2ADZNY1IC4NHS,1.0 out of 5 stars,1.0,Marv,"Reviewed in the United States on December 10, 2024","Don‚Äôt order directly from their website. The customer service is awefull u always get transferred to an AI promoting u the same message, there no customer service to talk to and the tracking number say it‚Äôs shipped but shipping company say they never recieve it",False,0,Flavor Name: Classic Milk Tea Size: 25 Servings,Classic Milk Tea,2024-12-10,2024-12-01,0.0772,pos
